-- Insert two polls
INSERT INTO polls (id, title, description, user_id, created_at, expires_at, is_active) VALUES
('550e8400-e29b-41d4-a716-446655440001', 'What is your favorite programming language?', 'Vote for your most preferred programming language for web development', NULL, '2026-01-20T10:00:00Z', '2026-02-20T10:00:00Z', 1),
('550e8400-e29b-41d4-a716-446655440002', 'Best time of day for productivity?', 'When do you feel most productive during the day?', NULL, '2026-01-22T08:30:00Z', NULL, 1);

-- Insert 4 options for first poll
INSERT INTO poll_options (id, poll_id, text, vote_count) VALUES
('650e8400-e29b-41d4-a716-446655440001', '550e8400-e29b-41d4-a716-446655440001', 'JavaScript', 15),
('650e8400-e29b-41d4-a716-446655440002', '550e8400-e29b-41d4-a716-446655440001', 'Python', 23),
('650e8400-e29b-41d4-a716-446655440003', '550e8400-e29b-41d4-a716-446655440001', 'Go', 7),
('650e8400-e29b-41d4-a716-446655440004', '550e8400-e29b-41d4-a716-446655440001', 'Rust', 0);

-- Insert 7 options for second poll
INSERT INTO poll_options (id, poll_id, text, vote_count) VALUES
('650e8400-e29b-41d4-a716-446655440005', '550e8400-e29b-41d4-a716-446655440002', 'Early Morning (5-8 AM)', 12),
('650e8400-e29b-41d4-a716-446655440006', '550e8400-e29b-41d4-a716-446655440002', 'Mid Morning (8-11 AM)', 18),
('650e8400-e29b-41d4-a716-446655440007', '550e8400-e29b-41d4-a716-446655440002', 'Noon (11 AM-2 PM)', 5),
('650e8400-e29b-41d4-a716-446655440008', '550e8400-e29b-41d4-a716-446655440002', 'Afternoon (2-5 PM)', 0),
('650e8400-e29b-41d4-a716-446655440009', '550e8400-e29b-41d4-a716-446655440002', 'Evening (5-8 PM)', 9),
('650e8400-e29b-41d4-a716-446655440010', '550e8400-e29b-41d4-a716-446655440002', 'Night (8-11 PM)', 14),
('650e8400-e29b-41d4-a716-446655440011', '550e8400-e29b-41d4-a716-446655440002', 'Late Night (11 PM-2 AM)', 0);

-- Insert votes for first poll (JavaScript - 15 votes)
INSERT INTO votes (id, poll_id, option_id, user_id, created_at) VALUES
('750e8400-e29b-41d4-a716-446655440001', '550e8400-e29b-41d4-a716-446655440001', '650e8400-e29b-41d4-a716-446655440001', NULL, '2026-01-20T11:15:00Z'),
('750e8400-e29b-41d4-a716-446655440002', '550e8400-e29b-41d4-a716-446655440001', '650e8400-e29b-41d4-a716-446655440001', NULL, '2026-01-20T12:30:00Z'),
('750e8400-e29b-41d4-a716-446655440003', '550e8400-e29b-41d4-a716-446655440001', '650e8400-e29b-41d4-a716-446655440001', NULL, '2026-01-20T14:45:00Z'),
('750e8400-e29b-41d4-a716-446655440004', '550e8400-e29b-41d4-a716-446655440001', '650e8400-e29b-41d4-a716-446655440001', NULL, '2026-01-21T09:20:00Z'),
('750e8400-e29b-41d4-a716-446655440005', '550e8400-e29b-41d4-a716-446655440001', '650e8400-e29b-41d4-a716-446655440001', NULL, '2026-01-21T10:10:00Z'),
('750e8400-e29b-41d4-a716-446655440006', '550e8400-e29b-41d4-a716-446655440001', '650e8400-e29b-41d4-a716-446655440001', NULL, '2026-01-21T13:35:00Z'),
('750e8400-e29b-41d4-a716-446655440007', '550e8400-e29b-41d4-a716-446655440001', '650e8400-e29b-41d4-a716-446655440001', NULL, '2026-01-22T08:15:00Z'),
('750e8400-e29b-41d4-a716-446655440008', '550e8400-e29b-41d4-a716-446655440001', '650e8400-e29b-41d4-a716-446655440001', NULL, '2026-01-22T15:40:00Z'),
('750e8400-e29b-41d4-a716-446655440009', '550e8400-e29b-41d4-a716-446655440001', '650e8400-e29b-41d4-a716-446655440001', NULL, '2026-01-23T11:25:00Z'),
('750e8400-e29b-41d4-a716-446655440010', '550e8400-e29b-41d4-a716-446655440001', '650e8400-e29b-41d4-a716-446655440001', NULL, '2026-01-23T16:50:00Z'),
('750e8400-e29b-41d4-a716-446655440011', '550e8400-e29b-41d4-a716-446655440001', '650e8400-e29b-41d4-a716-446655440001', NULL, '2026-01-24T10:05:00Z'),
('750e8400-e29b-41d4-a716-446655440012', '550e8400-e29b-41d4-a716-446655440001', '650e8400-e29b-41d4-a716-446655440001', NULL, '2026-01-25T12:20:00Z'),
('750e8400-e29b-41d4-a716-446655440013', '550e8400-e29b-41d4-a716-446655440001', '650e8400-e29b-41d4-a716-446655440001', NULL, '2026-01-26T09:30:00Z'),
('750e8400-e29b-41d4-a716-446655440014', '550e8400-e29b-41d4-a716-446655440001', '650e8400-e29b-41d4-a716-446655440001', NULL, '2026-01-27T14:15:00Z'),
('750e8400-e29b-41d4-a716-446655440015', '550e8400-e29b-41d4-a716-446655440001', '650e8400-e29b-41d4-a716-446655440001', NULL, '2026-01-28T08:45:00Z');

-- Insert votes for first poll (Python - 23 votes)
INSERT INTO votes (id, poll_id, option_id, user_id, created_at) VALUES
('750e8400-e29b-41d4-a716-446655440016', '550e8400-e29b-41d4-a716-446655440001', '650e8400-e29b-41d4-a716-446655440002', NULL, '2026-01-20T11:20:00Z'),
('750e8400-e29b-41d4-a716-446655440017', '550e8400-e29b-41d4-a716-446655440001', '650e8400-e29b-41d4-a716-446655440002', NULL, '2026-01-20T13:10:00Z'),
('750e8400-e29b-41d4-a716-446655440018', '550e8400-e29b-41d4-a716-446655440001', '650e8400-e29b-41d4-a716-446655440002', NULL, '2026-01-20T15:30:00Z'),
('750e8400-e29b-41d4-a716-446655440019', '550e8400-e29b-41d4-a716-446655440001', '650e8400-e29b-41d4-a716-446655440002', NULL, '2026-01-21T08:40:00Z'),
('750e8400-e29b-41d4-a716-446655440020', '550e8400-e29b-41d4-a716-446655440001', '650e8400-e29b-41d4-a716-446655440002', NULL, '2026-01-21T10:55:00Z'),
('750e8400-e29b-41d4-a716-446655440021', '550e8400-e29b-41d4-a716-446655440001', '650e8400-e29b-41d4-a716-446655440002', NULL, '2026-01-21T14:20:00Z'),
('750e8400-e29b-41d4-a716-446655440022', '550e8400-e29b-41d4-a716-446655440001', '650e8400-e29b-41d4-a716-446655440002', NULL, '2026-01-22T09:05:00Z'),
('750e8400-e29b-41d4-a716-446655440023', '550e8400-e29b-41d4-a716-446655440001', '650e8400-e29b-41d4-a716-446655440002', NULL, '2026-01-22T11:35:00Z'),
('750e8400-e29b-41d4-a716-446655440024', '550e8400-e29b-41d4-a716-446655440001', '650e8400-e29b-41d4-a716-446655440002', NULL, '2026-01-22T16:10:00Z'),
('750e8400-e29b-41d4-a716-446655440025', '550e8400-e29b-41d4-a716-446655440001', '650e8400-e29b-41d4-a716-446655440002', NULL, '2026-01-23T10:25:00Z'),
('750e8400-e29b-41d4-a716-446655440026', '550e8400-e29b-41d4-a716-446655440001', '650e8400-e29b-41d4-a716-446655440002', NULL, '2026-01-23T13:40:00Z'),
('750e8400-e29b-41d4-a716-446655440027', '550e8400-e29b-41d4-a716-446655440001', '650e8400-e29b-41d4-a716-446655440002', NULL, '2026-01-24T09:15:00Z'),
('750e8400-e29b-41d4-a716-446655440028', '550e8400-e29b-41d4-a716-446655440001', '650e8400-e29b-41d4-a716-446655440002', NULL, '2026-01-24T12:50:00Z'),
('750e8400-e29b-41d4-a716-446655440029', '550e8400-e29b-41d4-a716-446655440001', '650e8400-e29b-41d4-a716-446655440002', NULL, '2026-01-25T08:30:00Z'),
('750e8400-e29b-41d4-a716-446655440030', '550e8400-e29b-41d4-a716-446655440001', '650e8400-e29b-41d4-a716-446655440002', NULL, '2026-01-25T14:05:00Z'),
('750e8400-e29b-41d4-a716-446655440031', '550e8400-e29b-41d4-a716-446655440001', '650e8400-e29b-41d4-a716-446655440002', NULL, '2026-01-26T10:20:00Z'),
('750e8400-e29b-41d4-a716-446655440032', '550e8400-e29b-41d4-a716-446655440001', '650e8400-e29b-41d4-a716-446655440002', NULL, '2026-01-26T15:45:00Z'),
('750e8400-e29b-41d4-a716-446655440033', '550e8400-e29b-41d4-a716-446655440001', '650e8400-e29b-41d4-a716-446655440002', NULL, '2026-01-27T09:55:00Z'),
('750e8400-e29b-41d4-a716-446655440034', '550e8400-e29b-41d4-a716-446655440001', '650e8400-e29b-41d4-a716-446655440002', NULL, '2026-01-27T13:25:00Z'),
('750e8400-e29b-41d4-a716-446655440035', '550e8400-e29b-41d4-a716-446655440001', '650e8400-e29b-41d4-a716-446655440002', NULL, '2026-01-27T16:30:00Z'),
('750e8400-e29b-41d4-a716-446655440036', '550e8400-e29b-41d4-a716-446655440001', '650e8400-e29b-41d4-a716-446655440002', NULL, '2026-01-28T07:40:00Z'),
('750e8400-e29b-41d4-a716-446655440037', '550e8400-e29b-41d4-a716-446655440001', '650e8400-e29b-41d4-a716-446655440002', NULL, '2026-01-28T10:15:00Z'),
('750e8400-e29b-41d4-a716-446655440038', '550e8400-e29b-41d4-a716-446655440001', '650e8400-e29b-41d4-a716-446655440002', NULL, '2026-01-28T12:50:00Z');

-- Insert votes for first poll (Go - 7 votes)
INSERT INTO votes (id, poll_id, option_id, user_id, created_at) VALUES
('750e8400-e29b-41d4-a716-446655440039', '550e8400-e29b-41d4-a716-446655440001', '650e8400-e29b-41d4-a716-446655440003', NULL, '2026-01-21T11:10:00Z'),
('750e8400-e29b-41d4-a716-446655440040', '550e8400-e29b-41d4-a716-446655440001', '650e8400-e29b-41d4-a716-446655440003', NULL, '2026-01-22T10:25:00Z'),
('750e8400-e29b-41d4-a716-446655440041', '550e8400-e29b-41d4-a716-446655440001', '650e8400-e29b-41d4-a716-446655440003', NULL, '2026-01-23T14:40:00Z'),
('750e8400-e29b-41d4-a716-446655440042', '550e8400-e29b-41d4-a716-446655440001', '650e8400-e29b-41d4-a716-446655440003', NULL, '2026-01-24T16:15:00Z'),
('750e8400-e29b-41d4-a716-446655440043', '550e8400-e29b-41d4-a716-446655440001', '650e8400-e29b-41d4-a716-446655440003', NULL, '2026-01-25T11:30:00Z'),
('750e8400-e29b-41d4-a716-446655440044', '550e8400-e29b-41d4-a716-446655440001', '650e8400-e29b-41d4-a716-446655440003', NULL, '2026-01-26T13:45:00Z'),
('750e8400-e29b-41d4-a716-446655440045', '550e8400-e29b-41d4-a716-446655440001', '650e8400-e29b-41d4-a716-446655440003', NULL, '2026-01-27T15:20:00Z');

-- Rust option has 0 votes (no insert needed)

-- Insert votes for second poll (Early Morning - 12 votes)
INSERT INTO votes (id, poll_id, option_id, user_id, created_at) VALUES
('750e8400-e29b-41d4-a716-446655440046', '550e8400-e29b-41d4-a716-446655440002', '650e8400-e29b-41d4-a716-446655440005', NULL, '2026-01-22T09:00:00Z'),
('750e8400-e29b-41d4-a716-446655440047', '550e8400-e29b-41d4-a716-446655440002', '650e8400-e29b-41d4-a716-446655440005', NULL, '2026-01-22T10:30:00Z'),
('750e8400-e29b-41d4-a716-446655440048', '550e8400-e29b-41d4-a716-446655440002', '650e8400-e29b-41d4-a716-446655440005', NULL, '2026-01-23T08:45:00Z'),
('750e8400-e29b-41d4-a716-446655440049', '550e8400-e29b-41d4-a716-446655440002', '650e8400-e29b-41d4-a716-446655440005', NULL, '2026-01-23T11:20:00Z'),
('750e8400-e29b-41d4-a716-446655440050', '550e8400-e29b-41d4-a716-446655440002', '650e8400-e29b-41d4-a716-446655440005', NULL, '2026-01-24T09:15:00Z'),
('750e8400-e29b-41d4-a716-446655440051', '550e8400-e29b-41d4-a716-446655440002', '650e8400-e29b-41d4-a716-446655440005', NULL, '2026-01-24T14:35:00Z'),
('750e8400-e29b-41d4-a716-446655440052', '550e8400-e29b-41d4-a716-446655440002', '650e8400-e29b-41d4-a716-446655440005', NULL, '2026-01-25T10:10:00Z'),
('750e8400-e29b-41d4-a716-446655440053', '550e8400-e29b-41d4-a716-446655440002', '650e8400-e29b-41d4-a716-446655440005', NULL, '2026-01-25T15:50:00Z'),
('750e8400-e29b-41d4-a716-446655440054', '550e8400-e29b-41d4-a716-446655440002', '650e8400-e29b-41d4-a716-446655440005', NULL, '2026-01-26T09:25:00Z'),
('750e8400-e29b-41d4-a716-446655440055', '550e8400-e29b-41d4-a716-446655440002', '650e8400-e29b-41d4-a716-446655440005', NULL, '2026-01-26T12:40:00Z'),
('750e8400-e29b-41d4-a716-446655440056', '550e8400-e29b-41d4-a716-446655440002', '650e8400-e29b-41d4-a716-446655440005', NULL, '2026-01-27T08:55:00Z'),
('750e8400-e29b-41d4-a716-446655440057', '550e8400-e29b-41d4-a716-446655440002', '650e8400-e29b-41d4-a716-446655440005', NULL, '2026-01-27T13:15:00Z');

-- Insert votes for second poll (Mid Morning - 18 votes)
INSERT INTO votes (id, poll_id, option_id, user_id, created_at) VALUES
('750e8400-e29b-41d4-a716-446655440058', '550e8400-e29b-41d4-a716-446655440002', '650e8400-e29b-41d4-a716-446655440006', NULL, '2026-01-22T09:10:00Z'),
('750e8400-e29b-41d4-a716-446655440059', '550e8400-e29b-41d4-a716-446655440002', '650e8400-e29b-41d4-a716-446655440006', NULL, '2026-01-22T11:25:00Z'),
('750e8400-e29b-41d4-a716-446655440060', '550e8400-e29b-41d4-a716-446655440002', '650e8400-e29b-41d4-a716-446655440006', NULL, '2026-01-22T14:40:00Z'),
('750e8400-e29b-41d4-a716-446655440061', '550e8400-e29b-41d4-a716-446655440002', '650e8400-e29b-41d4-a716-446655440006', NULL, '2026-01-23T09:30:00Z'),
('750e8400-e29b-41d4-a716-446655440062', '550e8400-e29b-41d4-a716-446655440002', '650e8400-e29b-41d4-a716-446655440006', NULL, '2026-01-23T12:15:00Z'),
('750e8400-e29b-41d4-a716-446655440063', '550e8400-e29b-41d4-a716-446655440002', '650e8400-e29b-41d4-a716-446655440006', NULL, '2026-01-23T15:50:00Z'),
('750e8400-e29b-41d4-a716-446655440064', '550e8400-e29b-41d4-a716-446655440002', '650e8400-e29b-41d4-a716-446655440006', NULL, '2026-01-24T08:20:00Z'),
('750e8400-e29b-41d4-a716-446655440065', '550e8400-e29b-41d4-a716-446655440002', '650e8400-e29b-41d4-a716-446655440006', NULL, '2026-01-24T10:45:00Z'),
('750e8400-e29b-41d4-a716-446655440066', '550e8400-e29b-41d4-a716-446655440002', '650e8400-e29b-41d4-a716-446655440006', NULL, '2026-01-24T13:30:00Z'),
('750e8400-e29b-41d4-a716-446655440067', '550e8400-e29b-41d4-a716-446655440002', '650e8400-e29b-41d4-a716-446655440006', NULL, '2026-01-25T09:05:00Z'),
('750e8400-e29b-41d4-a716-446655440068', '550e8400-e29b-41d4-a716-446655440002', '650e8400-e29b-41d4-a716-446655440006', NULL, '2026-01-25T11:50:00Z'),
('750e8400-e29b-41d4-a716-446655440069', '550e8400-e29b-41d4-a716-446655440002', '650e8400-e29b-41d4-a716-446655440006', NULL, '2026-01-25T14:25:00Z'),
('750e8400-e29b-41d4-a716-446655440070', '550e8400-e29b-41d4-a716-446655440002', '650e8400-e29b-41d4-a716-446655440006', NULL, '2026-01-26T08:40:00Z'),
('750e8400-e29b-41d4-a716-446655440071', '550e8400-e29b-41d4-a716-446655440002', '650e8400-e29b-41d4-a716-446655440006', NULL, '2026-01-26T11:10:00Z'),
('750e8400-e29b-41d4-a716-446655440072', '550e8400-e29b-41d4-a716-446655440002', '650e8400-e29b-41d4-a716-446655440006', NULL, '2026-01-26T14:35:00Z'),
('750e8400-e29b-41d4-a716-446655440073', '550e8400-e29b-41d4-a716-446655440002', '650e8400-e29b-41d4-a716-446655440006', NULL, '2026-01-27T09:20:00Z'),
('750e8400-e29b-41d4-a716-446655440074', '550e8400-e29b-41d4-a716-446655440002', '650e8400-e29b-41d4-a716-446655440006', NULL, '2026-01-27T12:05:00Z'),
('750e8400-e29b-41d4-a716-446655440075', '550e8400-e29b-41d4-a716-446655440002', '650e8400-e29b-41d4-a716-446655440006', NULL, '2026-01-27T15:45:00Z');

-- Insert votes for second poll (Noon - 5 votes)
INSERT INTO votes (id, poll_id, option_id, user_id, created_at) VALUES
('750e8400-e29b-41d4-a716-446655440076', '550e8400-e29b-41d4-a716-446655440002', '650e8400-e29b-41d4-a716-446655440007', NULL, '2026-01-23T10:30:00Z'),
('750e8400-e29b-41d4-a716-446655440077', '550e8400-e29b-41d4-a716-446655440002', '650e8400-e29b-41d4-a716-446655440007', NULL, '2026-01-24T11:45:00Z'),
('750e8400-e29b-41d4-a716-446655440078', '550e8400-e29b-41d4-a716-446655440002', '650e8400-e29b-41d4-a716-446655440007', NULL, '2026-01-25T13:20:00Z'),
('750e8400-e29b-41d4-a716-446655440079', '550e8400-e29b-41d4-a716-446655440002', '650e8400-e29b-41d4-a716-446655440007', NULL, '2026-01-26T10:55:00Z'),
('750e8400-e29b-41d4-a716-446655440080', '550e8400-e29b-41d4-a716-446655440002', '650e8400-e29b-41d4-a716-446655440007', NULL, '2026-01-27T14:10:00Z');

-- Afternoon option has 0 votes (no insert needed)

-- Insert votes for second poll (Evening - 9 votes)
INSERT INTO votes (id, poll_id, option_id, user_id, created_at) VALUES
('750e8400-e29b-41d4-a716-446655440081', '550e8400-e29b-41d4-a716-446655440002', '650e8400-e29b-41d4-a716-446655440009', NULL, '2026-01-22T17:30:00Z'),
('750e8400-e29b-41d4-a716-446655440082', '550e8400-e29b-41d4-a716-446655440002', '650e8400-e29b-41d4-a716-446655440009', NULL, '2026-01-23T18:15:00Z'),
('750e8400-e29b-41d4-a716-446655440083', '550e8400-e29b-41d4-a716-446655440002', '650e8400-e29b-41d4-a716-446655440009', NULL, '2026-01-24T17:45:00Z'),
('750e8400-e29b-41d4-a716-446655440084', '550e8400-e29b-41d4-a716-446655440002', '650e8400-e29b-41d4-a716-446655440009', NULL, '2026-01-24T19:20:00Z'),
('750e8400-e29b-41d4-a716-446655440085', '550e8400-e29b-41d4-a716-446655440002', '650e8400-e29b-41d4-a716-446655440009', NULL, '2026-01-25T18:35:00Z'),
('750e8400-e29b-41d4-a716-446655440086', '550e8400-e29b-41d4-a716-446655440002', '650e8400-e29b-41d4-a716-446655440009', NULL, '2026-01-26T17:50:00Z'),
('750e8400-e29b-41d4-a716-446655440087', '550e8400-e29b-41d4-a716-446655440002', '650e8400-e29b-41d4-a716-446655440009', NULL, '2026-01-26T19:10:00Z'),
('750e8400-e29b-41d4-a716-446655440088', '550e8400-e29b-41d4-a716-446655440002', '650e8400-e29b-41d4-a716-446655440009', NULL, '2026-01-27T18:25:00Z'),
('750e8400-e29b-41d4-a716-446655440089', '550e8400-e29b-41d4-a716-446655440002', '650e8400-e29b-41d4-a716-446655440009', NULL, '2026-01-28T17:40:00Z');

-- Insert votes for second poll (Night - 14 votes)
INSERT INTO votes (id, poll_id, option_id, user_id, created_at) VALUES
('750e8400-e29b-41d4-a716-446655440090', '550e8400-e29b-41d4-a716-446655440002', '650e8400-e29b-41d4-a716-446655440010', NULL, '2026-01-22T20:15:00Z'),
('750e8400-e29b-41d4-a716-446655440091', '550e8400-e29b-41d4-a716-446655440002', '650e8400-e29b-41d4-a716-446655440010', NULL, '2026-01-22T21:30:00Z'),
('750e8400-e29b-41d4-a716-446655440092', '550e8400-e29b-41d4-a716-446655440002', '650e8400-e29b-41d4-a716-446655440010', NULL, '2026-01-23T20:45:00Z'),
('750e8400-e29b-41d4-a716-446655440093', '550e8400-e29b-41d4-a716-446655440002', '650e8400-e29b-41d4-a716-446655440010', NULL, '2026-01-23T22:10:00Z'),
('750e8400-e29b-41d4-a716-446655440094', '550e8400-e29b-41d4-a716-446655440002', '650e8400-e29b-41d4-a716-446655440010', NULL, '2026-01-24T20:25:00Z'),
('750e8400-e29b-41d4-a716-446655440095', '550e8400-e29b-41d4-a716-446655440002', '650e8400-e29b-41d4-a716-446655440010', NULL, '2026-01-24T21:50:00Z'),
('750e8400-e29b-41d4-a716-446655440096', '550e8400-e29b-41d4-a716-446655440002', '650e8400-e29b-41d4-a716-446655440010', NULL, '2026-01-25T20:05:00Z'),
('750e8400-e29b-41d4-a716-446655440097', '550e8400-e29b-41d4-a716-446655440002', '650e8400-e29b-41d4-a716-446655440010', NULL, '2026-01-25T22:35:00Z'),
('750e8400-e29b-41d4-a716-446655440098', '550e8400-e29b-41d4-a716-446655440002', '650e8400-e29b-41d4-a716-446655440010', NULL, '2026-01-26T20:40:00Z'),
('750e8400-e29b-41d4-a716-446655440099', '550e8400-e29b-41d4-a716-446655440002', '650e8400-e29b-41d4-a716-446655440010', NULL, '2026-01-26T21:15:00Z'),
('750e8400-e29b-41d4-a716-446655440100', '550e8400-e29b-41d4-a716-446655440002', '650e8400-e29b-41d4-a716-446655440010', NULL, '2026-01-27T20:20:00Z'),
('750e8400-e29b-41d4-a716-446655440101', '550e8400-e29b-41d4-a716-446655440002', '650e8400-e29b-41d4-a716-446655440010', NULL, '2026-01-27T22:00:00Z'),
('750e8400-e29b-41d4-a716-446655440102', '550e8400-e29b-41d4-a716-446655440002', '650e8400-e29b-41d4-a716-446655440010', NULL, '2026-01-28T20:50:00Z'),
('750e8400-e29b-41d4-a716-446655440103', '550e8400-e29b-41d4-a716-446655440002', '650e8400-e29b-41d4-a716-446655440010', NULL, '2026-01-28T21:45:00Z');

-- Late Night option has 0 votes (no insert needed)